age,annual_income_k,loan_amount_k,loan_duration_months,late_payments_2y,credit_history_years,savings_balance_k,zip_risk_score,loan_outcome
50,99,33,60,1,18,6,2,1
54,88,44,18,0,9,4,1,1
66,109,6,48,5,20,23,3,1
32,107,4,12,0,6,28,2,1
23,87,24,60,2,6,16,2,0
40,91,4,12,1,8,13,5,1
27,118,20,36,2,16,9,1,1
58,41,29,12,3,12,2,5,0
65,28,17,24,4,1,15,2,0
67,78,30,12,2,6,24,3,0
43,39,23,36,0,13,24,5,0
30,59,10,6,0,15,5,4,1
34,85,36,24,5,4,13,3,0
29,78,30,24,0,18,9,5,1
23,54,15,48,5,19,20,3,0
24,46,17,60,0,19,10,4,0
46,37,8,12,0,20,7,1,1
45,75,43,60,0,18,15,4,0
30,77,15,18,1,7,26,3,1
34,48,44,24,2,12,28,3,0
27,81,7,12,0,16,30,2,1
67,78,20,48,3,19,15,2,1
33,36,12,24,1,20,27,3,1
26,63,17,24,2,2,8,2,0
37,35,6,18,0,16,18,5,0
27,74,12,60,5,21,23,4,0
59,45,41,6,4,15,29,2,0
41,32,5,12,1,9,10,1,0
26,37,32,36,2,22,4,4,0
43,73,9,60,4,13,30,4,0
53,101,4,48,1,0,19,1,1
27,109,11,30,3,10,12,5,1
66,102,33,60,1,17,2,3,1
54,31,23,12,1,7,30,4,0
53,106,46,60,0,0,11,2,0
65,106,16,18,2,10,21,5,1
53,58,24,48,2,6,20,3,0
34,55,28,24,2,10,6,1,0
53,72,6,12,4,8,26,1,1
50,88,21,24,3,12,20,3,1
65,68,43,60,1,1,8,4,0
24,114,21,36,0,18,0,3,1
47,86,16,6,3,8,7,4,0
25,108,11,60,0,17,20,3,1
45,37,16,24,3,8,5,4,0
52,96,6,18,0,11,17,4,1
55,92,43,18,1,22,28,2,1
48,77,12,60,1,20,28,5,1
46,98,40,36,1,20,6,1,1
63,43,17,24,4,2,9,3,0
42,61,5,36,1,1,14,2,0
48,63,35,6,0,2,13,4,0
33,96,25,18,1,16,28,4,1
65,116,32,60,2,22,2,4,1
50,95,39,30,3,17,20,1,1
54,99,20,30,2,19,6,2,1
31,97,37,30,2,6,13,3,0
54,28,42,48,0,1,16,5,0
56,100,11,60,0,5,2,5,1
51,80,29,30,0,15,4,2,1
52,95,24,12,0,19,0,5,1
30,117,5,6,0,7,0,4,1
42,73,19,60,0,18,3,4,1
61,60,16,48,0,20,13,4,1
61,48,38,24,3,17,20,2,0
35,97,43,18,0,20,25,2,1
33,68,42,36,4,6,6,4,0
34,40,12,24,0,2,8,2,0
49,81,38,18,0,20,21,4,1
28,53,40,36,4,11,3,4,0
62,71,36,24,3,15,3,1,0
57,106,36,60,0,5,3,2,1
34,62,18,24,0,9,14,2,1
29,44,20,36,2,3,2,5,0
51,92,12,12,0,15,18,1,1
40,55,32,48,3,4,4,4,0
37,68,22,24,1,10,8,5,0
45,74,16,18,0,13,11,3,1
