age,sex,chest_pain_type,resting_bp,cholesterol,max_heart_rate,oldpeak,fasting_bs,exercise_angina,heart_disease
63,male,asymptomatic,145,233,150,2.3,1,no,1
37,male,non-anginal,130,250,187,3.5,0,no,0
41,female,atypical,130,204,172,1.4,0,no,0
56,male,atypical,120,236,178,0.8,0,no,0
57,female,typical,120,354,163,0.6,0,yes,1
57,male,typical,140,192,148,0.4,0,no,0
56,female,atypical,140,294,153,1.3,0,no,0
44,male,atypical,120,263,173,0.0,0,no,0
52,male,non-anginal,172,199,162,0.5,1,no,1
57,male,non-anginal,150,168,174,1.6,0,no,0
54,male,asymptomatic,140,239,160,1.2,0,no,0
48,female,non-anginal,130,275,139,0.2,0,no,0
49,male,atypical,130,266,171,0.6,0,no,0
64,male,asymptomatic,110,211,144,1.8,0,yes,1
58,female,asymptomatic,150,283,162,1.0,1,no,1
50,female,atypical,120,219,158,1.6,0,no,0
55,male,non-anginal,140,,150,0.8,0,no,1
60,male,asymptomatic,130,206,132,2.4,1,yes,1
