patient_id,pregnancies,glucose,blood_pressure,skin_thickness,insulin,bmi,diabetes_pedigree,age,outcome
D01,10,126,63,17,177,41.9,0.27,46,1
D02,6,149,86,17,101,25.7,0.26,26,0
D03,10,190,63,33,189,33.4,0.65,35,1
D04,4,90,86,19,178,33.2,0.3,29,0
D05,9,189,72,26,64,36.0,0.83,27,1
D06,10,92,87,39,120,34.6,0.73,52,0
D07,3,131,65,33,116,27.6,0.81,32,0
D08,1,178,67,31,147,30.9,0.36,59,1
D09,1,147,80,25,217,30.3,0.59,63,0
D10,4,187,90,37,210,31.0,0.23,26,1
D11,7,124,78,37,138,35.2,1.26,64,0
D12,1,144,91,16,95,28.8,1.11,60,0
D13,1,116,70,29,142,29.8,0.84,52,0
D14,4,189,86,26,214,30.5,1.26,56,1
D15,3,104,74,15,164,22.8,1.19,30,0
D16,8,121,83,34,184,21.1,0.55,47,0
D17,10,194,63,29,239,32.3,1.34,60,1
D18,6,156,66,30,202,29.6,0.65,46,0
D19,5,111,63,18,40,30.7,0.86,28,0
D20,3,131,84,19,202,34.5,0.47,25,0
D21,7,131,89,30,163,31.4,0.54,28,0
D22,7,180,70,31,45,28.5,0.41,37,1
D23,0,131,79,35,63,24.2,1.02,55,0
D24,3,131,92,25,202,41.0,0.43,43,1
D25,6,182,74,21,172,39.8,0.77,36,1
D26,4,88,72,37,194,38.4,1.35,51,0
D27,1,177,74,18,98,42.7,0.74,44,1
D28,0,146,90,44,207,34.7,0.58,60,1
D29,3,191,90,43,85,35.5,0.69,45,1
D30,6,96,89,27,230,38.6,1.33,67,0
D31,2,106,89,40,207,42.8,0.33,22,0
D32,2,145,68,15,43,35.5,1.15,43,1
D33,6,98,72,41,94,32.6,0.18,29,0
D34,5,149,76,32,147,26.3,1.19,58,0
D35,10,179,86,41,168,28.8,0.31,50,1
D36,2,150,60,39,78,21.4,0.37,49,0
