student_id,study_hours,absences,previous_grade,sleep_hours,commute_minutes,internet_access_home,free_lunch,final_score
S01,9,1,88,8,15,1,0,92
S02,7,3,82,7,20,1,0,85
S03,5,6,75,6,35,1,1,78
S04,3,8,68,6,40,0,1,70
S05,2,10,64,5,45,0,1,62
S06,8,2,91,7,10,1,0,94
S07,6,4,79,7,25,1,0,81
S08,4,7,72,6,30,1,1,74
S09,10,0,95,8,12,1,0,97
S10,1,12,58,5,50,0,1,55
S11,6,5,77,7,28,1,0,79
S12,7,2,84,8,18,1,0,87
S13,3,9,66,6,42,0,1,68
S14,5,4,73,7,22,1,1,76
S15,8,1,89,8,16,1,0,91
S16,2,11,61,5,48,0,1,59
S17,4,6,70,6,33,1,1,72
S18,9,1,93,8,14,1,0,95
