passenger_id,pclass,sex,age,fare,embarked,sibsp,parch,survived
P01,1,female,38,71.3,C,1,0,1
P02,1,male,54,51.9,S,0,0,0
P03,3,female,26,7.9,S,0,0,1
P04,3,male,22,7.3,S,0,0,0
P05,2,female,14,30.1,S,1,0,1
P06,2,male,34,13.0,S,0,0,0
P07,1,female,49,76.7,C,0,1,1
P08,3,male,19,8.1,Q,0,0,0
P09,3,female,8,21.1,S,3,1,1
P10,1,male,42,52.0,S,1,0,0
P11,2,female,29,26.0,C,0,0,1
P12,3,male,31,7.8,Q,0,0,0
P13,1,female,35,83.5,S,1,0,1
P14,2,male,17,11.5,S,0,0,0
P15,3,female,24,15.2,Q,0,0,1
P16,3,male,28,8.0,S,0,0,0
P17,2,female,41,21.0,S,1,1,1
P18,1,male,6,39.0,C,1,2,1
P19,3,male,44,7.7,S,0,0,0
P20,2,female,33,19.5,S,0,0,1
P21,3,male,11,27.9,S,4,1,1
P22,1,female,58,80.0,C,0,0,1
P23,2,male,46,12.4,Q,0,0,0
P24,3,female,30,16.1,S,0,2,1
